rank,uri,artist_names,track_name,source,peak_rank,previous_rank,weeks_on_chart,streams
1,"spotify:track:1Qrg8KqiBpW07V7PNxwwwL","SZA","Kill Bill","Top Dawg Entertainment/RCA Records",1,1,5,"15993525"
2,"spotify:track:2dHHgzDwk4BJdRwy9uXhTO","Metro Boomin, The Weeknd, 21 Savage","Creepin' (with The Weeknd & 21 Savage)","Republic Records",1,3,6,"8561978"
3,"spotify:track:1bDbXMyjaUIooNwFE9wn0N","Drake, 21 Savage","Rich Flex","OVO / Republic Records",1,2,10,"8276671"
4,"spotify:track:0vjeOZ3Ft5jvAi9SBFJm1j","Metro Boomin, Future, Chris Brown","Superhero (Heroes & Villains) [with Future & Chris Brown]","Republic Records",2,8,6,"7155061"
5,"spotify:track:4FyesJzVpA39hbYvcseO2d","Lil Uzi Vert","Just Wanna Rock","Generation Now/Atlantic",5,5,13,"7023199"
6,"spotify:track:0V3wPSX9ygBnCm8psDIegu","Taylor Swift","Anti-Hero","Taylor Swift",1,4,12,"6485728"
7,"spotify:track:4k6Uh1HXdhtusDW5y8Gbvy","Steve Lacy","Bad Habit","L-M Records/RCA Records",1,6,28,"6417111"
8,"spotify:track:5odlY52u43F5BjByhxg7wg","JVKE","golden hour","JVKE",8,9,21,"6045025"
9,"spotify:track:1xK59OXxi2TAAAbmZK0kBL","d4vd","Romantic Homicide","Darkroom/Interscope Records",3,11,23,"5817292"
10,"spotify:track:2LBqCSwhJGcFQeTHMVGwy3","The Weeknd","Die For You","Universal Republic Records",10,12,96,"5797381"
11,"spotify:track:3nqQXoyQOWXiESFLlDF1hG","Sam Smith, Kim Petras","Unholy (feat. Kim Petras)","EMI",1,7,16,"5643700"
12,"spotify:track:2GAhgAjOhEmItWLfgisyOn","SZA","Low","Top Dawg Entertainment/RCA Records",4,14,5,"5417397"
13,"spotify:track:3WMj8moIAXJhHsyLaqIIHI","Zach Bryan","Something in the Orange","Warner Records",4,15,38,"5359642"
14,"spotify:track:5Y35SjAfXjjG0sFQ3KOxmm","SZA","Nobody Gets Me","Top Dawg Entertainment/RCA Records",3,13,5,"5327642"
15,"spotify:track:4Dvkj6JhhA12EX05fT7y2e","Harry Styles","As It Was","Columbia",1,10,41,"5207494"
16,"spotify:track:0JXXNGljqupsJaZsgSbMZV","Miguel","Sure Thing","Jive",16,27,14,"5066477"
17,"spotify:track:2wSTnntOPRi7aQneobFtU4","SZA","Shirt","Top Dawg Entertainment/RCA Records",8,16,11,"4977264"
18,"spotify:track:0IKeDy5bT9G0bA7ZixRT4A","Fuerza Regida, Grupo Frontera","Bebe Dame","Rancho Humilde/Street Mob Records",18,37,3,"4562612"
19,"spotify:track:1Y3LN4zO1Edc2EluIoSPJN","Stephen Sanchez, Em Beihold","Until I Found You (with Em Beihold) - Em Beihold Version","Republic Records",18,18,5,"4519787"
20,"spotify:track:5WxVXxCMRnvxUKFq40ELwq","RAYE, 070 Shake","Escapism.","Human Re Sources",20,24,6,"4466011"
21,"spotify:track:78Sw5GDo6AlGwTwanjXbGh","d4vd","Here With Me","Darkroom/Interscope Records",21,22,12,"4463462"
22,"spotify:track:68Dni7IE4VyPkTOH9mRWHr","J. Cole","No Role Modelz","Roc Nation Records LLC",10,26,257,"4272053"
23,"spotify:track:4uUG5RXrOk84mYEfFvj3cK","David Guetta, Bebe Rexha","I'm Good (Blue)","Parlophone UK",8,17,20,"4269616"
24,"spotify:track:2CSRrnOEELmhpq8iaAi9cd","SZA","Blind","Top Dawg Entertainment/RCA Records",5,20,5,"4244364"
25,"spotify:track:5uU1uuyaUIBOiiUSQG7Wl3","Morgan Wallen","You Proof","Big Loud / Mercury Records / Republic Records",11,19,35,"4237624"
26,"spotify:track:3F5CgOj3wFlRv51JsHbxhe","Drake, 21 Savage","Jimmy Cooks (feat. 21 Savage)","OVO",2,23,30,"4222444"
27,"spotify:track:2QjOHCTQ1Jl3zawyYOpxh6","The Neighbourhood","Sweater Weather","Columbia",13,25,125,"4093736"
28,"spotify:track:4686eQ81DEswHa90bcdlC9","Bailey Zimmerman","Rock and A Hard Place","Warner Music Nashville/Elektra",26,32,31,"3963165"
29,"spotify:track:3azJifCSqg9fRij2yKIbWz","Tory Lanez","The Color Violet","One Umbrella Records",29,36,19,"3943139"
30,"spotify:track:4iZ4pt7kvcaH6Yo8UoZ4s2","SZA","Snooze","Top Dawg Entertainment/RCA Records",18,35,5,"3881763"
31,"spotify:track:1IHWl5LamUGEuP4ozKQSXZ","Bad Bunny","Tití Me Preguntó","Rimas Entertainment LLC",3,21,36,"3849774"
32,"spotify:track:3hxIUxnT27p5WcmjGUXNwx","Hotel Ugly","Shut up My Moms Calling","Hotel Ugly, under exclusive license to Amuseio AB",32,46,19,"3799005"
33,"spotify:track:5jQI2r1RdgtuT8S3iG8zFC","Taylor Swift","Lavender Haze","Taylor Swift",2,29,12,"3772567"
34,"spotify:track:3r8RuvgbX9s7ammBn07D3W","NewJeans","Ditto","ADOR",34,61,3,"3673614"
35,"spotify:track:4h9wh7iOZ0GGn8QVp4RAOB","OneRepublic","I Ain't Worried","Interscope Records",7,30,32,"3673027"
36,"spotify:track:3EaJDYHA0KnX88JvDhL9oa","Steve Lacy","Dark Red","Three Quarter",16,34,75,"3622685"
37,"spotify:track:6Sq7ltF9Qa7SNFBsV5Cogx","Bad Bunny, Chencho Corleone","Me Porto Bonito","Rimas Entertainment LLC",2,28,36,"3532853"
38,"spotify:track:59nOXPmaKlBfGMDeOVGrIK","Future, Drake, Tems","WAIT FOR U (feat. Drake & Tems)","Epic/Freebandz",3,45,37,"3442702"
39,"spotify:track:2Hh3ETdQKrmSI3QS0hme7g","Metro Boomin, Future, Don Toliver","Too Many Nights (feat. Don Toliver & with Future)","Republic Records",10,39,6,"3441868"
40,"spotify:track:4WuOWVnAqvEQxgSRrspBgt","Metro Boomin, Travis Scott, 21 Savage","Niagara Falls (Foot or 2) [with Travis Scott & 21 Savage]","Republic Records",7,42,6,"3363929"
41,"spotify:track:4PMqSO5qyjpvzhlLI5GnID","SZA","Good Days","Top Dawg Entertainment/RCA Records",1,44,90,"3334286"
42,"spotify:track:3cBsEDNhFI9E82vPj3kvi3","Morgan Wallen","Wasted On You","Big Loud / Republic",3,40,103,"3306125"
43,"spotify:track:1N8TTK1Uoy7UvQNUazfUt5","ThxSoMch","SPIT IN MY FACE!","Elektra (NEK)",43,55,9,"3288110"
44,"spotify:track:0QHEIqNKsMoOY5urbzN48u","Meghan Trainor","Made You Look","Epic",27,33,12,"3278892"
45,"spotify:track:58ge6dfP91o9oXMzq3XkIS","Arctic Monkeys","505","Domino/Warner Records",18,50,104,"3253932"
46,"spotify:track:1eIXYZWEfJO3Na2LCCnIJE","SZA","Love Language","Top Dawg Entertainment/RCA Records",11,43,5,"3122879"
47,"spotify:track:7H0ya83CMmgFcOhw0UB6ow","Beach House","Space Song","Sub Pop Records",47,57,78,"3056846"
48,"spotify:track:65FftemJ1DbbZ45DUfHJXE","NewJeans","OMG","ADOR",48,-1,1,"3055766"
49,"spotify:track:1xzi1Jcr7mEi9K2RfzLOqS","Beyoncé","CUFF IT","Parkwood Entertainment/Columbia",10,31,24,"3048316"
50,"spotify:track:0O6u0VJ46W86TxN9wgyqDj","Post Malone, Doja Cat","I Like You (A Happier Song) (with Doja Cat)","Mercury Records/Republic Records",3,49,32,"3047402"
51,"spotify:track:7EAMXbLcL0qXmciM5SwMh2","Mac DeMarco","Heart To Heart","Mac’s Record Label",51,71,4,"3042063"
52,"spotify:track:2mnXxnrX5vCGolNkaFvVeM","Arcángel, Bad Bunny","La Jumpa","Rimas Entertainment LLC.",45,53,6,"3019923"
53,"spotify:track:3rWDp9tBPQR9z6U5YyRSK4","Taylor Swift","Midnight Rain","Taylor Swift",3,48,12,"3015468"
54,"spotify:track:54ELExv56KCAB4UP9cOCzC","Ñengo Flow, Bad Bunny","Gato de Noche","Rimas Entertainment LLC",38,41,3,"2966737"
55,"spotify:track:2TktkzfozZifbQhXjT6I33","Omar Apollo","Evergreen (You Didn’t Deserve Me At All)","Warner Records",12,65,18,"2964406"
56,"spotify:track:02MWAaffLxlfxAUY7c5dvx","Glass Animals","Heat Waves","Polydor Records",1,38,111,"2931063"
57,"spotify:track:3QFInJAm9eyaho5vBzxInN","Baby Keem, Kendrick Lamar","family ties (with Kendrick Lamar)","Columbia",8,63,72,"2916778"
58,"spotify:track:6Um358vY92UBv5DloTRX9L","Carin Leon, Grupo Frontera","Que Vuelvas","BorderKid Records/Sony Music Latin",58,88,2,"2868353"
59,"spotify:track:4h5x3XHLVYFJaItKuO2rhy","SZA, Phoebe Bridgers","Ghost in the Machine (feat. Phoebe Bridgers)","Top Dawg Entertainment/RCA Records",17,52,5,"2830600"
60,"spotify:track:5UWwZ5lm5PKu6eKsHAGxOk","Foo Fighters","Everlong","RCA Records Label",60,82,23,"2820609"
61,"spotify:track:6eT2V7nKXyMf47TwPbtgAD","SZA","Seek & Destroy","Top Dawg Entertainment/RCA Records",10,51,5,"2816246"
62,"spotify:track:4vVjPTApwXZwB2H3mBq3ml","Quavo, Takeoff","HOTEL LOBBY (Unc & Phew)","Quality Control Music/Motown Records",61,66,27,"2813482"
63,"spotify:track:5XeFesFbtLpXzIVDNQP22n","Arctic Monkeys","I Wanna Be Yours","Domino Recording Co",63,80,18,"2747885"
64,"spotify:track:4ewazQLXFTDC8XvCbhvtXs","Joji","Glimpse of Us","88rising Music/Warner Records",1,60,31,"2735937"
65,"spotify:track:2HbKqm4o0w5wEeEFXm2sD4","Kendrick Lamar, Jay Rock","Money Trees","Aftermath",52,94,108,"2716960"
66,"spotify:track:5gDWsRxpJ2lZAffh5p7K0w","The Weeknd, Lana Del Rey","Stargirl Interlude","Universal Republic Records",57,79,28,"2702993"
67,"spotify:track:5IgjP7X4th6nMNDh4akUHb","Chris Brown","Under The Influence","Chris Brown Entertainment/RCA Records",22,54,22,"2691029"
68,"spotify:track:4EWCNWgDS8707fNSZ1oaA5","Kanye West","Heartless","Roc-A-Fella",40,78,67,"2690825"
69,"spotify:track:5ww2BF9slyYgNOk37BlC4u","Manuel Turizo","La Bachata","Sony Music Latin/La Industria",48,69,21,"2672918"
70,"spotify:track:2KLwPaRDOB87XOYAT2fgxh","Drake, 21 Savage, Travis Scott","Pussy & Millions (feat. Travis Scott)","OVO / Republic Records",3,67,10,"2670967"
71,"spotify:track:6IyoLWzljeR3ldQo4KWHT6","Yeat","Out thë way","Field Trip Recordings/Geffen Records",71,100,6,"2667351"
72,"spotify:track:4tqcoej1zPvwePZCzuAjJd","J. Cole","Wet Dreamz","Roc Nation Records LLC",72,89,65,"2664432"
73,"spotify:track:3AVrVz5rK8Hrqo9YGiVGN5","Cigarettes After Sex","Apocalypse","PTKF",49,95,27,"2611215"
74,"spotify:track:0WtM2NBVQNNJLh6scP13H8","Rema, Selena Gomez","Calm Down (with Selena Gomez)","Mavin Records / Jonzing World",64,64,17,"2605891"
75,"spotify:track:5TXDeTFVRVY7Cvt0Dw4vWW","XXXTENTACION","Revenge","Bad Vibes Forever / EMPIRE",25,84,63,"2600119"
76,"spotify:track:7MXVkk9YMctZqd1Srtv4MB","The Weeknd, Daft Punk","Starboy","Universal Republic Records",3,92,102,"2597036"
77,"spotify:track:3XgGQ1wjo5khvq2UImjyNF","Brent Faiyaz","ALL MINE","Lost Kids LLC., Marketed by Venice / Stem",22,91,23,"2589598"
78,"spotify:track:6koKhrBBcExADvWuOgceNZ","SZA, Travis Scott","Open Arms (feat. Travis Scott)","Top Dawg Entertainment/RCA Records",30,73,5,"2580956"
79,"spotify:track:1qEmFfgcLObUfQm0j1W2CK","Harry Styles","Late Night Talking","Columbia",2,68,34,"2567212"
80,"spotify:track:4NqkE7kRUvMDEdcqD96EDO","SZA, Don Toliver","Used (feat. Don Toliver)","Top Dawg Entertainment/RCA Records",13,56,5,"2566939"
81,"spotify:track:5Eax0qFko2dh7Rl2lYs3bx","Bad Bunny","Efecto","Rimas Entertainment LLC",10,62,36,"2531110"
82,"spotify:track:2yjlYDiNiQkdxVqTlaSrlX","Nicki Minaj","Super Freaky Girl","Republic Records",2,58,22,"2524101"
83,"spotify:track:3sNVsP50132BTNlImLx70i","Kanye West","Bound 2","Rock The World/IDJ/Kanye/LP6",20,99,55,"2504795"
84,"spotify:track:4AFsRbaLKRWo3dDtjDFA2V","Childish Gambino","Me and Your Mama","Glassnote Entertainment Group LLC",49,105,39,"2496305"
85,"spotify:track:3xKsf9qdS1CyvXSMEid6g8","Frank Ocean","Pink + White","Boys Don't Cry",85,101,22,"2481870"
86,"spotify:track:48UKTR66uUOT9LaUvooTNx","Luke Combs","The Kind of Love We Make","River House Artists/Columbia Nashville",15,83,30,"2478395"
87,"spotify:track:3NanY0K4okhIQzL33U5Ad8","PinkPantheress","Boy's a liar","Warner Records",87,96,6,"2478025"
88,"spotify:track:6RQ5IwG7uADz9LDWliJGjU","SZA","Special","Top Dawg Entertainment/RCA Records",20,76,5,"2475635"
89,"spotify:track:3eX0NZfLtGzoLUxPNvRfqm","Taylor Swift","Maroon","Taylor Swift",3,81,12,"2462380"
90,"spotify:track:7KokYm8cMIXCsGVmUvKtqf","Taylor Swift","Karma","Taylor Swift",5,70,12,"2460748"
91,"spotify:track:3qoftcUZaUOncvIYjFSPdE","Taylor Swift","Bejeweled","Taylor Swift",8,74,12,"2460001"
92,"spotify:track:7fBv7CLKzipRk6EC6TWHOB","The Weeknd","The Hills","Universal Republic Records",27,102,99,"2451337"
93,"spotify:track:4D7BCuvgdJlYvlX5WlN54t","Taylor Swift","You're On Your Own, Kid","Taylor Swift",6,77,12,"2450517"
94,"spotify:track:3GYlZ7tbxLOxe6ewMNVTkw","Billie Eilish","TV","Darkroom/Interscope Records",18,125,17,"2447233"
95,"spotify:track:0mflMxspEfB0VbI1kyLiAv","Noah Kahan","Stick Season","Mercury Records/Republic Records",43,86,27,"2439812"
96,"spotify:track:23Lyy7ZXRvzfgH4JtDkKrX","Grupo Frontera","No Se Va - En Vivo","Grupo Frontera",49,159,15,"2438784"
97,"spotify:track:0hquQWY3xvYqN4qtiquniF","Doja Cat","Vegas (From the Original Motion Picture Soundtrack ELVIS)","Kemosabe Records/RCA Records",7,59,36,"2433701"
98,"spotify:track:1cKHdTo9u0ZymJdPGSh6nq","The Weeknd, Gesaffelstein","I Was Never There","Universal Republic Records",8,106,30,"2429739"
99,"spotify:track:7jtQIBanIiJOMS6RyCx6jZ","Tom Odell","Another Love","ITNO/Columbia",99,103,17,"2410109"
100,"spotify:track:6pcywuOeGGWeOQzdUyti6k","21 Savage, Metro Boomin","Glock In My Lap","Slaughter Gang, LLC/Epic/Boominati Worldwide/Republic",8,121,14,"2393211"
101,"spotify:track:37F7E7BKEw2E4O2L7u0IEp","Freddie Dredd","Limbo","Doomshop Records/RCA Records",101,111,9,"2365873"
102,"spotify:track:6NHpyYvJyQsg2nXXzGYc2R","Morgan Wallen","Thought You Should Know","Big Loud Records / Republic Records",18,119,36,"2346698"
103,"spotify:track:7KA4W4McWYRpgf0fWsJZWB","Tyler, The Creator, Kali Uchis","See You Again (feat. Kali Uchis)","Columbia",28,108,80,"2340030"
104,"spotify:track:54ipXppHLA8U4yqpOFTUhr","Imagine Dragons","Bones","Kid Ina Korner / Interscope",52,114,24,"2333207"
105,"spotify:track:5PjdY0CKGZdEuoNab3yDmX","The Kid LAROI, Justin Bieber","STAY (with Justin Bieber)","Columbia",1,75,79,"2295085"
106,"spotify:track:2aJnyNu4PQxQ2lyj5boiMG","SZA","I Hate U","Top Dawg Entertainment/RCA Records",1,115,27,"2290770"
107,"spotify:track:78QR3Wp35dqAhFEc2qAGjE","Lil Baby, Gunna","Drip Too Hard (Lil Baby & Gunna)","Quality Control Music/Young Stoner Life Records, a 300 Entertainment Label/Motown Records/Capitol Records",1,123,216,"2274769"
108,"spotify:track:6HMtHNpW6YPi1hrw9tgF8P","Lizzo","About Damn Time","Nice Life/Atlantic",6,47,36,"2271327"
109,"spotify:track:561jH07mF1jHuk7KlaeF0s","Eminem","Mockingbird","Aftermath",109,116,9,"2269907"
110,"spotify:track:73vIOb4Q7YN6HeJTbscRx5","Oliver Tree, Robin Schulz","Miss You","Atlantic Records",48,98,13,"2262172"
111,"spotify:track:5TRPicyLGbAF2LGBFbHGvO","Kanye West, Dwele","Flashing Lights","Roc-A-Fella",53,127,52,"2259955"
112,"spotify:track:5BbdKBZO0TH0GhfxUfyhL9","Lil Baby","Freestyle","Quality Control Music (Caroline)",58,128,30,"2257205"
113,"spotify:track:11BKm0j4eYoCPPpCONAVwA","Lady Gaga","Bloody Mary","Interscope",72,72,6,"2255889"
114,"spotify:track:34tz0eDhGuFErIuW3q4mPX","Drake, 21 Savage","On BS","OVO / Republic Records",5,107,10,"2254963"
115,"spotify:track:6vN77lE9LK6HP2DewaN6HZ","Lil Baby, Drake","Yes Indeed","Quality Control Music, LLC",2,133,140,"2251546"
116,"spotify:track:2Dct3GykKZ58hpWRFfe2Qd","Zach Bryan","Heading South","Warner Records",116,135,9,"2240412"
117,"spotify:track:4VXIryQMWpIdGgYR4TrjT1","Juice WRLD","All Girls Are The Same","Juice WRLD Mixtape / ISR P&D",13,110,244,"2240096"
118,"spotify:track:6foY66mWZN0pSRjZ408c00","Morgan Wallen","Whiskey Glasses","Big Loud Records",43,112,190,"2229941"
119,"spotify:track:2ZL7WZcjuYKi1KUDtp4kCC","Drake, 21 Savage","Spin Bout U","OVO / Republic Records",6,124,10,"2219268"
120,"spotify:track:3pXF1nA74528Edde4of9CC","Bryson Tiller","Don't","TrapSoul/RCA Records",82,129,73,"2209799"
121,"spotify:track:0VjIjW4GlUZAMYd2vXMi3b","The Weeknd","Blinding Lights","Republic Records",1,90,159,"2205144"
122,"spotify:track:46s57QULU02Voy0Kup6UEb","Drake, 21 Savage","Major Distribution","OVO / Republic Records",2,118,10,"2198160"
123,"spotify:track:58k32my5lKofeZRtIvBDg9","Baby Keem","HONEST","Baby Keem LLC",39,140,23,"2190081"
124,"spotify:track:7DbdUf8aHSYoliSjO6LZv6","Beach Weather","Sex, Drugs, Etc.","8123 / Arista Records",61,141,17,"2184120"
125,"spotify:track:6VhuP99TE6gYNQRJIlAWFD","Stephen Sanchez","Until I Found You","Republic Records",30,104,35,"2182417"
126,"spotify:track:2BcMwX1MPV6ZHP4tUT9uq6","Drake, 21 Savage, Project Pat","Knife Talk (with 21 Savage ft. Project Pat)","OVO",2,138,69,"2180664"
127,"spotify:track:1GfBLbAhZUWdseuDqhocmn","Skrillex, Fred again.., Flowdan","Rumble","OWSLA/Atlantic",127,-1,1,"2178529"
128,"spotify:track:577YBGuskWkVDCxZrLRB4v","Lil Baby","Pure Cocaine","Quality Control Music/Motown Records/Capitol Records",52,162,38,"2177881"
129,"spotify:track:5xMw6qCcpd2gBXPGTegC4W","SZA","SOS","Top Dawg Entertainment/RCA Records",15,87,5,"2170137"
130,"spotify:track:6Ox1rvlwEpB49drasQm6RF","Lil Peep","Star Shopping","Lil Peep",101,156,62,"2169169"
131,"spotify:track:7sO5G9EABYOXQKNPNiE9NR","Offset, Metro Boomin","Ric Flair Drip (with Metro Boomin)","Slaughter Gang, LLC/Epic/Quality Control Music/Motown/Capitol/Boominati Worldwide/Republic",4,134,161,"2169039"
132,"spotify:track:003vvx7Niy0yvhvHt4a68B","The Killers","Mr. Brightside","Island Records",60,85,124,"2168322"
133,"spotify:track:09mEdoA6zrmBPgTEN5qXmN","The Weeknd","Call Out My Name","Universal Republic Records",1,147,68,"2167563"
134,"spotify:track:4SqWKzw0CbA05TGszDgMlc","The Walters","I Love You So","Warner Records",9,130,63,"2164036"
135,"spotify:track:26hOm7dTtBi0TdpDGl141t","Joji","Die For You","88rising Music/Warner Records",23,120,10,"2160756"
136,"spotify:track:4lH6nENd1y81jp7Yt9lTBX","Future","Solo","Epic/Freebandz/A1",123,163,10,"2139095"
137,"spotify:track:4h4QlmocP3IuwYEj2j14p8","Nicky Youre, dazy","Sunroof","Thirty Knots/Columbia",21,93,36,"2136826"
138,"spotify:track:0uxSUdBrJy9Un0EYoBowng","Lil Uzi Vert","20 Min","Generation Now/Atlantic",48,146,150,"2135645"
139,"spotify:track:1wtOxkiel43cVs0Yux5Q4h","Taylor Swift, Lana Del Rey","Snow On The Beach (feat. Lana Del Rey)","Taylor Swift",5,113,12,"2121844"
140,"spotify:track:4rPJSqrov3zqGwXlemLBMw","RAYE, 070 Shake","Escapism. - Sped Up","Human Re Sources",140,-1,1,"2113215"
141,"spotify:track:0wXuerDYiBnERgIpbb3JBR","Childish Gambino","Redbone","Glassnote Entertainment Group LLC",9,161,151,"2112898"
142,"spotify:track:200x8ONbPfFzByUr3fVz46","Cole Swindell","She Had Me At Heads Carolina","Warner Music Nashville",35,131,27,"2098044"
143,"spotify:track:0RiRZpuVRbi7oqRdSMwhQY","Post Malone, Swae Lee","Sunflower - Spider-Man: Into the Spider-Verse","Republic Records",1,145,217,"2095027"
144,"spotify:track:65OVbaJR5O1RmwOQx0875b","Drake, Lil Baby","Wants and Needs (feat. Lil Baby)","OVO",2,148,94,"2091812"
145,"spotify:track:2J6OF7CkpdQGSfm1wdclqn","Brent Faiyaz","Clouded","Lost Kids",97,152,15,"2089499"
146,"spotify:track:1eUGmzzvahJjOSWgDHuRlv","Miguel","Girl With The Tattoo Enter.lewd","Jive",146,-1,1,"2089145"
147,"spotify:track:2Sjx8DWZO5zaTyTAmgo2gY","SZA","Gone Girl","Top Dawg Entertainment/RCA Records",24,109,5,"2070557"
148,"spotify:track:3GCdLUSnKSMJhs4Tj6CV3s","Kendrick Lamar, SZA","All The Stars (with SZA)","Black Panther (TDE/DMG) PS",2,169,59,"2068742"
149,"spotify:track:1qMMYpVatbRITKCfq1gasi","Future","PUFFIN ON ZOOTIEZ","Epic/Freebandz",4,167,34,"2067743"
150,"spotify:track:6PGoSes0D9eUDeeAafB2As","Kendrick Lamar, Zacari","LOVE. FEAT. ZACARI.","Aftermath",5,173,117,"2063939"
151,"spotify:track:5MwynWK9s4hlyKHqhkNn4A","Morgan Wallen","Chasin' You","Big Loud Records",55,144,98,"2059822"
152,"spotify:track:7KXVIAuw3m2hxZanrpSXS3","GloRilla, Cardi B","Tomorrow 2 (with Cardi B)","CMG/Interscope Records",45,132,14,"2057044"
153,"spotify:track:6AqwH2Y9FJwhUE2dCSkw1u","Tyler Hubbard","5 Foot 9","EMI Nashville",69,-1,26,"2056962"
154,"spotify:track:6dBUzqjtbnIa1TwYbyw5CM","TV Girl","Lovers Rock","TV Girl",141,157,9,"2049986"
155,"spotify:track:6rb3wFQ66EWR7DcPG0oEE1","Popcaan, Drake","We Caa Done (feat. Drake)","OVO Sound",155,-1,1,"2044204"
156,"spotify:track:4OmfWzukSVD140NiAIEjem","Steve Lacy","Static","L-M Records/RCA Records",25,172,20,"2033343"
157,"spotify:track:3fqwjXwUGN6vbzIwvyFMhx","Chris Stapleton","Tennessee Whiskey","Mercury Nashville",98,158,89,"2030228"
158,"spotify:track:6dgUya35uo964z7GZXM07g","Sabrina Carpenter","Nonsense","Island Records",158,-1,1,"2026839"
159,"spotify:track:5FkoSXiJPKTNyYgALRJFhD","Baby Keem","ORANGE SODA","Baby Keem LLC",54,174,36,"2016017"
160,"spotify:track:285pBltuF7vW8TeWk8hdRR","Juice WRLD","Lucid Dreams","Juice WRLD Mixtape / ISR P&D",1,170,241,"2014846"
161,"spotify:track:2e2AXpIiJpet5b4qg85Gh6","SZA","F2F","Top Dawg Entertainment/RCA Records",26,122,5,"2014731"
162,"spotify:track:7yq4Qj7cqayVTp3FF9CWbm","Vance Joy","Riptide","Atlantic Records",161,187,22,"2005781"
163,"spotify:track:5oeOWXjH8NZFOWP0SpSXqV","Mac DeMarco","Chamber Of Reflection","Captured Tracks",163,196,2,"1990876"
164,"spotify:track:6HBRLaSQ7NB8MNlaqzYen1","Jordan Davis","What My World Spins Around","MCA Nashville",160,166,9,"1986349"
165,"spotify:track:01Lr5YepbgjXAWR9iOEyH1","Chief Keef","Love Sosa","UMGRI Interscope",44,192,49,"1981971"
166,"spotify:track:4RvWPyQ5RL0ao9LPZeSouE","Tears For Fears","Everybody Wants To Rule The World","UMC (Universal Music Catalogue)",49,153,29,"1973823"
167,"spotify:track:0B7wvvmu9EISAwZnOpjhNI","Bruno Mars","When I Was Your Man","Atlantic Records",167,184,7,"1964628"
168,"spotify:track:11iIikXxC6NP0Ma8vMD27x","Vundabar","Alien Blues","Gawk Records, under exclusive license to Amuseio AB",35,-1,26,"1962292"
169,"spotify:track:1R0a2iXumgCiFb7HEZ7gUE","Taylor Swift","Don’t Blame Me","Big Machine Records, LLC",80,171,28,"1953837"
170,"spotify:track:1pacwLXyRO47ka0v6LTIiY","Metro Boomin, Travis Scott","Raindrops (Insane) [with Travis Scott]","Republic Records",12,151,6,"1938930"
171,"spotify:track:3k3NWokhRRkEPhCzPmV8TW","Bad Bunny, Bomba Estéreo","Ojitos Lindos","Rimas Entertainment LLC",11,137,34,"1935969"
172,"spotify:track:4fnNBPN9W6AoOYSQS3FJxT","SZA","Notice Me","Top Dawg Entertainment/RCA Records",23,136,5,"1922932"
173,"spotify:track:6BePGk3eCan4FqaW2X8Qy3","Tiësto, Tate McRae","10:35","Atlantic Records",145,-1,2,"1920311"
174,"spotify:track:5FkJHVudUByVjanCqFXRql","Mr.Kitty","After Dark","Negative Gain Productions",125,185,25,"1918109"
175,"spotify:track:2vWBUC9djv6BtiGlmKiQaH","Yot Club","YKWIM?","yot club under exclusive license to Amuseio AB",63,195,73,"1909019"
176,"spotify:track:0rKtyWc8bvkriBthvHKY8d","Joji","SLOW DANCING IN THE DARK","88rising Music/Warner Records",29,182,217,"1901346"
177,"spotify:track:2qOm7ukLyHUXWyR4ZWLwxA","Ice Cube","It Was A Good Day","Priority Records",100,190,33,"1900782"
178,"spotify:track:3yfqSUWxFvZELEM4PmlwIR","Eminem","The Real Slim Shady","Interscope",48,194,31,"1894889"
179,"spotify:track:6Xom58OOXk2SoU711L2IXO","Bad Bunny","Moscow Mule","Rimas Entertainment LLC",2,155,33,"1883833"
180,"spotify:track:2i2qDe3dnTl6maUE31FO7c","Lil Durk, Future","Mad Max","Only The Family / EMPIRE",166,186,3,"1883049"
181,"spotify:track:7KXjTSCq5nL1LoYtL7XAwS","Kendrick Lamar","HUMBLE.","Aftermath",1,-1,161,"1880972"
182,"spotify:track:2xB46Bj9HZ4cr058yN4Pla","A Boogie Wit da Hoodie","Secrets","Highbridge the Label / Atlantic Records",182,-1,1,"1878875"
183,"spotify:track:0u2P5u6lvoDfwTYjAADbn4","Billie Eilish, Khalid","lovely (with Khalid)","Darkroom",24,-1,177,"1877004"
184,"spotify:track:33cF8aTmGJ6TsEf23uqGIN","Rauw Alejandro, Lyanno, Brray","LOKERA","Sony Music Latin/Duars Entertainment",143,143,3,"1876171"
185,"spotify:track:1SjsVdSXpwm1kTdYEHoPIT","Zach Bryan","Sun to Me","Warner Records",185,-1,1,"1874737"
186,"spotify:track:3Z0qLOS0cqWKPHXkbTXmNF","Cults","Gilded Lily","Sinderlyn/Columbia",99,-1,6,"1871595"
187,"spotify:track:31mzt4ZV8C0f52pIz1NSwd","Hotel Ugly","Shut up My Moms Calling - (Sped Up)","Hotel Ugly, under exclusive license to Amuseio AB",187,-1,1,"1871325"
188,"spotify:track:2R4AlwtrrkMaRKojcTIzmL","Mac DeMarco","For the First Time","Captured Tracks",188,-1,1,"1865952"
189,"spotify:track:51pshtuYkgUQnt5huMPbKL","Mac Miller","The Spins","Rostrum Records",61,179,90,"1864760"
190,"spotify:track:50a8bKqlwDEqeiEknrzkTO","21 Savage","ball w/o you","Slaughter Gang, LLC/Epic Records",71,-1,17,"1863411"
191,"spotify:track:2JvzF1RMd7lE3KmFlsyZD8","J. Cole","MIDDLE CHILD","Dreamville, Inc., Under exclusive license to Roc Nation Records",1,-1,165,"1859673"
192,"spotify:track:0ofHAoxe9vBkTCp2UQIavz","Fleetwood Mac","Dreams - 2004 Remaster","Rhino/Warner Records",6,164,112,"1855949"
193,"spotify:track:3hRV0jL3vUpRrcy398teAU","Lord Huron","The Night We Met","IAMSOUND",48,199,65,"1853086"
194,"spotify:track:51Grh1RyUDcMBbpuyUIUHI","Liana Flores","rises the moon","liana flores",157,193,8,"1838916"
195,"spotify:track:4Li2WHPkuyCdtmokzW2007","JAY-Z, Kanye West","Ni**as In Paris","Roc Nation/RocAFella/IDJ",107,197,52,"1837971"
196,"spotify:track:0YsGMHid6sFq5PcToe3JZE","Childish Gambino","Les","Glassnote Entertainment Group LLC",196,-1,1,"1827772"
197,"spotify:track:3IznIgmXtrUaoPWpQTy5jB","TV Girl","Not Allowed","TV Girl",150,200,13,"1827673"
198,"spotify:track:3zkyus0njMCL6phZmNNEeN","Central Cee","LET GO","Central Cee",183,183,2,"1826411"
199,"spotify:track:4KW1lqgSr8TKrvBII0Brf8","Kanye West","Father Stretch My Hands Pt. 1","Rock The World/IDJ/Kanye LP7",97,-1,50,"1820373"
200,"spotify:track:6KGtAlYvgm4W9PoYabFAYE","Morgan Wallen","One Thing At A Time","Big Loud Records / Mercury Records / Republic Records",31,126,6,"1818314"
